item_name,predicted_sales_next_week
baking soda,9.21473684210526
bengal gram,9.21473684210526
black gram,9.21473684210526
black pepper,9.21473684210526
cooking oil,9.21473684210526
coriander powder,9.21473684210526
cornflakes,9.21473684210526
cumin seeds,9.21473684210526
curd,9.21473684210526
green peas,9.21473684210526
jaggery,9.21473684210526
masoor dal,9.21473684210526
milk,9.21473684210526
moong dal,9.21473684210526
mustard seeds,9.21473684210526
pasta,9.21473684210526
ragi,9.21473684210526
red chili powder,9.21473684210526
rice bran oil,9.21473684210526
salt,9.21473684210526
sugar,9.21473684210526
toor dal,9.21473684210526
turmeric powder,9.21473684210526
wheat,9.21473684210526
